Unnamed: 0,Solute_SMILES,Solvent_SMILES,log-gamma,T
748,CCC1=CC=CC=C1,CCCCCCCCCCCCCCCC,-0.162518929,120
3414,CCCC(=O)OC,CCCCCCCCCCCCCCCC,0.329303747,120
9319,CCO,CCCCCCCC(=O)OCC,0.548121409,120
12394,CCCC(=O)C,CCCCCCCCCCCCCCCCCCCCCCCCCCCC,0.330741562,120
1117,CCCCCC,CCCCCCCCCCCCCCCC,-0.127833372,120
4850,CC1=CC=C(C=C1)C,CCCOC(=O)C1=CC=CC=C1C(=O)OCCC,0.086177696,120
15363,CCCCCCC,CCCCCCOC(=O)CCCCC(=O)OCCCCCC,0.254642218,120
17146,C[C@@H]1CCCC[C@@H]1C,C1=CC=C(C=C1)COC(=O)C2=CC=CC=C2C(=O)OCC3=CC=CC=C3,1.115141591,120
9403,CCC1CCCCC1,CCCCCCOC(=O)CCCCCCC(=O)OCCCCCC,0.039220713,120
13763,C1CCCCC1,CCCCCCCCCCOC(=O)C1=CC=CC=C1C(=O)OCCCCCCCCCC,-0.314710745,120
5063,CCCCCCCC,C1CCC(CC1)OC(=O)C2=CC=CC=C2C(=O)OC3CCCCC3,1.004301609,120
12103,CC1=CC=CC=C1C,CCCCOC(=O)C1=CC=CC=C1C(=O)OCCCC,-0.010050336,120
11229,CCCC(C)(C)C(C)C,CCCOC(=O)C1=CC=CC=C1C(=O)OCCC,1.068153081,120
18426,C1CCOC1,C1=CC=C(C=C1)CC#N,0.246860078,120
15570,CCO,C1=CC=C(C=C1)CC#N,0.751416089,120
9289,CC1CCCCC1,CCCCCCOC(=O)C1=CC=CC=C1C(=O)OCCCCCC,0.246860078,120
5302,C1CCCCC1,CCCCOC(=O)C1=CC=CC=C1C(=O)OCCCC,0.31481074,120
20099,CCCC(=C)C,CN1CCCC1=O,1.508511994,120
534,C1=CC=CC=C1,CCCCOC(=O)C1=CC=CC=C1C(=O)OCCCC,-0.301105093,120
2524,CC1=CC=C(C=C1)C,C=CCOC(=O)C1=CC=CC=C1C(=O)OCC=C,0.322083499,120
7899,CCCCCC,CCCCOC(=O)C1=C(C(=C(C(=C1Cl)Cl)Cl)Cl)C(=O)OCCCC,0.39877612,120
18838,CCCCCCCCC,CCCCOC(=O)COC(=O)C1=CC=CC=C1C(=O)OCCCC,1.366091654,120
17926,CS(=O)C,CCCCCCCCCCCCCCCCCCCCCCCCCCCC,2.05796251,120
13762,CCCCCC,C=CCOC(=O)C1=CC=CC=C1C(=O)OCC=C,1.297463147,120
735,CC1=CC=CC=C1,CCCCCCCCCCCCCCCC,-0.208254939,120
19274,C1CCCCC1,C=CCOC(=O)C1=CC=CC=C1C(=O)OCC=C,0.732367894,120
7050,CCC1=CC=CC=C1,CCC(C)OC(=O)C1=CC=CC=C1C(=O)OC(C)CC,0.039220713,120
15583,CCCCCC,CCCCCCCCCCCCCCCCO,0.438254931,120
488,C1=CC=CC=C1,CCCCCCCCCCCCCCCCO,-0.011060947,120
750,CCC1=CC=CC=C1,CCCCCCCCCCCCCCCC,-0.160168752,120
12241,CCCC1=CC=CC=C1,C1=CC=C2C(=C1)C=CC3=CC=CC=C32,0.494696242,120
3029,CC1=CC=CC=C1C,CC(C)COC(=O)C1=CC=CC=C1C(=O)OCC(C)C,0.019802627,120
11534,CCOC(=O)C,CCCCCCCCCCCCCCCCCCCCCCCCCCCC,0.270790205,120
7326,CCCCCCCC,CCCCCCOC(=O)CCCCCCC(=O)OCCCCCC,0.262364264,120
3109,CCCCCC,CCCCCCOC(=O)CCCCC(=O)OCCCCCC,0.173953307,120
5557,CCC1=CC=CC=C1,CCCCOC(=O)C1=CC=CC=C1C(=O)OCCCC,0.009950331,120
15490,CCC1CCCCC1,CCCCCCCCOC(=O)C1=CC=CC=C1C(=O)OCCCCCCCC,0.067658648,120
11434,CCCCCCC,C(COCCOCCOCCO)O,3.138017118,120
809,CCCCCCC,CCCCCCCCCCOC(=O)C1=CC=CC=C1C(=O)OCCCCCCCCCC,0.113328685,120
7859,CCCCCCC,CCCCOC(=O)C1=CC=CC=C1C(=O)OCCCC,0.797507196,120
7156,CCCCCCCC,CCCCCCOC(=O)C1=CC(=CC=C1)C(=O)OCCCCCC,0.405465108,120
804,C1CCCCC1,C1=CC=C(C=C1)OC(=O)C2=CC=CC=C2C(=O)OC3=CC=CC=C3,0.887891257,120
567,CC1=CC(=CC=C1)C,C=CCOC(=O)C1=CC=CC=C1C(=O)OCC=C,0.322083499,120
19103,CCCCCC,CCCCCCCCOC(=O)C1=CC=CC=C1C(=O)OCCCCCCCC,0.2390169,120
5515,C1CCC=CC1,CCCCOC(=O)C1=C(C(=C(C(=C1Cl)Cl)Cl)Cl)C(=O)OCCCC,-0.186329578,120
11552,C1COCCO1,C1=CC=C(C=C1)CC#N,0.254642218,120
19267,CCCCCCCC,CCCOC(=O)C1=CC=CC=C1C(=O)OCCC,1.064710737,120
6761,CCCCCCC,C(COC(C(C(O)OCCC#N)(C(O)OCCC#N)C(O)OCCC#N)O)C#N,2.000127735,120
5606,C1CCCCC1,C1CCC(CC1)OC(=O)C2=CC=CC=C2C(=O)OC3CCCCC3,0.371563556,120
9149,C[C@@H]1CCCC[C@@H]1C,C=CCOC(=O)C1=CC=CC=C1C(=O)OCC=C,1.029619417,120
19271,CCC1CCCCC1,C1=CC=C(C=C1)COC(=O)C2=CC=CC=C2C(=O)OCC3=CC=CC=C3,1.181727195,120
20121,C=CCCC=C,CN1CCCC1=O,1.199964783,120
16226,CC(C)O,CCCCCCCCCCCCCCCCCCCCCCCCCCCC,0.981329128,120
7903,C1CCC=CC1,CCCCOC(=O)C1=CC=CC=C1C(=O)OCCCC,0.182321557,120
14800,C1COCCO1,C(COC(C(C(O)OCCC#N)(C(O)OCCC#N)C(O)OCCC#N)O)C#N,-0.46203546,120
18804,CCC(C)CC(C)(C)C,CC1(C2CCC1(C(C2)OC(=O)C3=CC=CC=C3C(=O)OC4CC5CCC4(C5(C)C)C)C)C,1.156881197,120
7327,CCCCCCCCC,C1CCC(CC1)OC(=O)C2=CC=CC=C2C(=O)OC3CCCCC3,1.078409581,120
19275,CCC1CCCCC1,CCCCCCOC(=O)CCCCC(=O)OCCCCCC,0.131028262,120
18479,CC1=CC(=CC=C1)O,CCCCCCCCC,1.954445052,120
18474,CC1=CC=CC=C1O,CCCCCCCCCC,1.423108334,120
10031,CC1CCCCC1,CCCCCCOC(=O)CCCCCCC(=O)OCCCCCC,-0.127833372,120
5548,CCCCCC,CCCCOC(=O)C1=CC=CC=C1C(=O)OCCCC,0.737164066,120
11495,C1CCC=CC1,CCCCCCCCOC(=O)C1=CC=CC=C1C(=O)OCCCCCCCC,-0.198450939,120
7398,CCCCCCCCC,CC1(C2CCC1(C(C2)OC(=O)C3=CC=CC=C3C(=O)OC4CC5CCC4(C5(C)C)C)C)C,0.727548607,120
17321,C1CCCCC1,CCCCCCCCOC(=O)C1=CC=CC=C1C(=O)OCCCCCCCC,-0.127833372,120
7766,CCCCCCC,CCCCCCCCCOC(=O)C1=CC=CC=C1C(=O)OCCCCCCCCC,0.173953307,120
9221,C1CCC=CC1,CCCCCCOC(=O)CCCCC(=O)OCCCCCC,-0.248461359,120
13376,CCCC(C)(C)C(C)C,C1=CC=C(C=C1)COC(=O)C2=CC=CC=C2C(=O)OCC3=CC=CC=C3,1.58514522,120
4847,CC1=CC=CC=C1C,C=CCOC(=O)C1=CC=CC=C1C(=O)OCC=C,0.2390169,120
17731,CCCC(C)(C)C(C)C,CCCCOC(=O)C1=C(C(=C(C(=C1Cl)Cl)Cl)Cl)C(=O)OCCCC,0.470003629,120
9402,CC1CCCCC1,CCCCCCCCOC(=O)C1=CC=CC=C1C(=O)OCCCCCCCC,-0.040821995,120
4533,CCCCCCCCO,C(COC(C(C(O)OCCC#N)(C(O)OCCC#N)C(O)OCCC#N)O)C#N,0.875468737,120
12157,CCC(C)CC(C)(C)C,CCCCCCOC(=O)CCCCCCC(=O)OCCCCCC,0.292669614,120
17505,CCC(C)CC(C)(C)C,C=CCOC(=O)C1=CC=CC=C1C(=O)OCC=C,1.547562509,120
10358,CC(C)CCO,CCCCCCCCCCCCCCCCCCCCCCCCCCCC,0.894045123,120
6762,CCN(CC)CC,C(CCCCC#N)CCCC#N,0.797507196,120
12396,CCCOC(=O)C,CCCCCCCCCCCCCCCCCCCCCCCCCCCC,0.194744077,120
13452,CCCC(C)(C)C(C)C,CC(C)OC(=O)C1=CC=CC=C1C(=O)OC(C)C,1.050821625,120
10932,C1CCC=CC1,C1=CC=C(C=C1)OC(=O)C2=CC=CC=C2C(=O)OC3=CC=CC=C3,0.587786665,120
18428,C1=CC=C(C=C1)O,C(CCCCC#N)CCCC#N,-1.46967597,120
17513,CCCCCCC,C=CCOC(=O)C1=CC=CC=C1C(=O)OCC=C,1.335001067,120
10933,CCCCCCCC,CC1(C2CCC1(C(C2)OC(=O)C3=CC=CC=C3C(=O)OC4CC5CCC4(C5(C)C)C)C)C,0.765467842,120
11230,CCC1CCCCC1,C=CCOC(=O)C1=CC=CC=C1C(=O)OCC=C,1.10856262,120
16689,CC(=O)N(C)C,C(COC(C(C(O)OCCC#N)(C(O)OCCC#N)C(O)OCCC#N)O)C#N,-0.94160854,120
11750,CCCC(=O)OCC,CCCCCCCCCCCCCCCCCCCCCCCCCCCC,0.091667189,120
2196,C1=CC=CC=C1,C(CCCCC#N)CCCC#N,-0.235722334,120
7324,CC1=CC(=CC=C1)C,CCCCCCCCOC(=O)C1=CC=CC=C1C(=O)OCCCCCCCC,-0.328504067,120
15706,C1CCC=CC1,C=CCOC(=O)C1=CC=CC=C1C(=O)OCC=C,0.542324291,120
10024,CCCC(C)(C)C(C)C,CCCCCCCCCOC(=O)C1=CC=CC=C1C(=O)OCCCCCCCCC,0.2390169,120
17096,C[C@@H]1CCCC[C@@H]1C,CCCCOC(=O)COC(=O)C1=CC=CC=C1C(=O)OCCCC,0.779324877,120
19266,CCCCCCCCC,CCCCCCOC(=O)CCCCCCC(=O)OCCCCCC,0.31481074,120
2844,CCCCCC,CCCCCCCCCOC(=O)C1=CC=CC=C1C(=O)OCCCCCCCCC,0.165514438,120
5565,CC1=CC=CC=C1,CCCCOC(=O)C1=CC=CC=C1C(=O)OCCCC,-0.139262067,120
19512,CCO,CCCCCCCCCCCCCCCCCCCCCCCCCCCC,1.16564769,120
12462,C1CCC(CC1)N,CCCCCCCC,0.350656872,120
566,CC1=CC=C(C=C1)C,CC(C)OC(=O)C1=CC=CC=C1C(=O)OC(C)C,0.113328685,120
15701,CCCCCCCCC,CCCOC(=O)C1=CC=CC=C1C(=O)OCCC,1.166270937,120
15365,C1CCC=CC1,CCC(C)OC(=O)C1=CC=CC=C1C(=O)OC(C)CC,0.21511138,120
8010,CCCCCCC,C1=CC=C2C(=C1)C=CC3=CC=CC=C32,1.337629189,120
7745,CCCCCCCCCCCC,C(COC(C(C(O)OCCC#N)(C(O)OCCC#N)C(O)OCCC#N)O)C#N,1.523880024,120
9351,CCCCCCCC,C(COCCOCCOCCO)O,3.446979853,120
9473,CCC(C)CC(C)(C)C,CC(C)COC(=O)C1=CC=CC=C1C(=O)OCC(C)C,1.00795792,120
576,CC1=CC(=CC=C1)C,CCCCCCOC(=O)C1=CC=CC=C1C(=O)OCCCCCC,-0.174353387,120
19023,CCCCCCCC,CCCCOC(=O)C1=C(C(=C(C(=C1Cl)Cl)Cl)Cl)C(=O)OCCCC,0.570979547,120
5241,C1=CC=CC=C1,C1=CC=C(C=C1)CC#N,0.482426149,120
4721,CC1=CC=CC=C1,CCCCCCOC(=O)C1=CC=CC=C1C(=O)OCCCCCC,-0.314710745,120
2198,CCCCCCN,C(COC(C(C(O)OCCC#N)(C(O)OCCC#N)C(O)OCCC#N)O)C#N,0.418710335,120
17147,CCCCCCCCC,CCCCCCOC(=O)C1=CC(=CC=C1)C(=O)OCCCCCC,0.476234179,120
9148,CCCCCCC,CCCOC(=O)C1=CC=CC=C1C(=O)OCCC,0.928219303,120
19269,CCCC(C)(C)C(C)C,CC1(C2CCC1(C(C2)OC(=O)C3=CC=CC=C3C(=O)OC4CC5CCC4(C5(C)C)C)C)C,0.928219303,120
17719,C[C@@H]1CCCC[C@@H]1C,CCCCOC(=O)C1=C(C(=C(C(=C1Cl)Cl)Cl)Cl)C(=O)OCCCC,0.157003749,120
10354,CCCBr,CCCCCCCCCCCCCCCCCCCCCCCCCCCC,-0.388607991,120
17805,CC1=CC=CC=C1,CC1=CC=CC2=CC=CC=C12,0.122217633,120
11259,C[C@@H]1CCCC[C@@H]1C,CCCCCCOC(=O)C1=CC=CC=C1C(=O)OCCCCCC,0.285178942,120
16697,C1=CC=NC=C1,C(CCCCC#N)CCCC#N,-0.597837001,120
10025,C1CCCCC1,CCCCCCCCCOC(=O)C1=CC=CC=C1C(=O)OCCCCCCCCC,-0.116533816,120
4922,CCCCCC,CCCCCCOC(=O)C1=CC(=CC=C1)C(=O)OCCCCCC,0.270027137,120
14136,CCCCCCC,CCCCCCOC(=O)CCCCCCC(=O)OCCCCCC,0.104360015,120
9045,CCCCCCCCC,CCC(C)OC(=O)C1=CC=CC=C1C(=O)OC(C)CC,1.01523068,120
15704,CCCC(C)(C)C(C)C,CCCCCCOC(=O)C1=CC=CC=C1C(=O)OCCCCCC,0.58221562,120
7556,CCCCO,C(CCCCC#N)CCCC#N,0.009950331,120
435,C1=CC=CC=C1,C(COCCOCCO)O,1.323088285,120
5026,CCCO,CCCCCCCC(=O)OCC,0.322083499,120
17305,CC1=CC=CC=C1O,CCCCCCCCCCC,1.497388409,120
3452,CCCCO,CCCCCCCCCCCCCCCC,1.064710737,120
13011,C[C@@H]1CCCC[C@@H]1C,CC(C)COC(=O)C1=CC=CC=C1C(=O)OCC(C)C,0.565313809,120
7014,CCC(C)CC(C)(C)C,CCCCOC(=O)COC(=O)C1=CC=CC=C1C(=O)OCCCC,1.244154594,120
15966,CC1=CC=CC=C1,CCCCCCCCCCCCCCCCO,0.029558802,120
5113,CC1=CC(=CC=C1)C,CC(C)COC(=O)C1=CC=CC=C1C(=O)OCC(C)C,0.086177696,120
7391,C1CCCCC1,CC(C)COC(=O)C1=CC=CC=C1C(=O)OCC(C)C,0.418710335,120
16095,CCCCCCCCCC,C1=CC=C2C(=C1)C=CC3=CC=CC=C32,1.247032294,120
18949,CCCCCCCC,CCC(C)OC(=O)C1=CC=CC=C1C(=O)OC(C)CC,0.936093359,120
19265,CCC(C)CC(C)(C)C,CCCCCCOC(=O)C1=CC(=CC=C1)C(=O)OCCCCCC,0.463734016,120
5114,CCCCCCCC,C1=CC=C(C=C1)OC(=O)C2=CC=CC=C2C(=O)OC3=CC=CC=C3,1.774952351,120
13598,CO,C1=CC=C(C=C1)CC#N,0.832909123,120
3429,CCO,CCCCCCCCCCCCCCCC,1.474763009,120
801,C1CCC=CC1,C1=CC=C(C=C1)COC(=O)C2=CC=CC=C2C(=O)OCC3=CC=CC=C3,0.500775288,120
2197,CC(=O)C,C(CCCCC#N)CCCC#N,-0.301105093,120
7397,CCCCCCCCC,C1=CC=C(C=C1)OC(=O)C2=CC=CC=C2C(=O)OC3=CC=CC=C3,1.919859472,120
7013,CC1=CC(=CC=C1)C,CC(C)OC(=O)C1=CC=CC=C1C(=O)OC(C)C,0.139761942,120
13013,C[C@@H]1CCCC[C@@H]1C,CC1(C2CCC1(C(C2)OC(=O)C3=CC=CC=C3C(=O)OC4CC5CCC4(C5(C)C)C)C)C,0.542324291,120
10926,CCCCCCCC,CC(C)COC(=O)C1=CC=CC=C1C(=O)OCC(C)C,0.951657876,120
9404,CCCC(C)(C)C(C)C,C1CCC(CC1)OC(=O)C2=CC=CC=C2C(=O)OC3CCCCC3,0.993251773,120
3420,CCC(=O)OC,CCCCCCCCCCCCCCCC,0.470003629,120
14996,CCC1CCCCC1,CC(C)COC(=O)C1=CC=CC=C1C(=O)OCC(C)C,0.625938431,120
13595,CCCCCCCCO,C(CCCCC#N)CCCC#N,0.350656872,120
18425,C1CCC(CC1)O,C(COC(C(C(O)OCCC#N)(C(O)OCCC#N)C(O)OCCC#N)O)C#N,0.058268908,120
15533,CC(=O)OC,CCCCCCCCCCCCCCCCCCCCCCCCCCCC,0.323531725,120
13496,C(Cl)(Cl)Cl,C1=CC=C(C=C1)CC#N,-0.186329578,120
17201,C[C@@H]1CCCC[C@@H]1C,CCCCCCOC(=O)CCCCC(=O)OCCCCCC,0.09531018,120
12874,CCC(=O)O,C(COC(C(C(O)OCCC#N)(C(O)OCCC#N)C(O)OCCC#N)O)C#N,-0.597837001,120
7072,CC1=CC=CC=C1,CC(C)OC(=O)C1=CC=CC=C1C(=O)OC(C)C,-0.105360516,120
7440,CCCCCCC,CC(C)COC(=O)C1=CC=CC=C1C(=O)OCC(C)C,0.78845736,120
16231,CC(C)C=O,CCCCCCCCCCCCCCCCCCCCCCCCCCCC,0.209450224,120
13530,CCC(C)CC(C)(C)C,CCCCCCCCCCOC(=O)C1=CC=CC=C1C(=O)OCCCCCCCCCC,0.270027137,120
11496,CC1CCCCC1,C1CCC(CC1)OC(=O)C2=CC=CC=C2C(=O)OC3CCCCC3,0.494696242,120
11647,CCCC(C)(C)C(C)C,CC(C)COC(=O)C1=CC=CC=C1C(=O)OCC(C)C,0.891998039,120
4919,CC1=CC=CC=C1C,CCCCCCOC(=O)C1=CC=CC=C1C(=O)OCCCCCC,-0.174353387,120
17721,CC1CCCCC1,CCCCOC(=O)C1=CC=CC=C1C(=O)OCCCC,0.463734016,120
11443,CCC(C)CC(C)(C)C,CCCCCCCCOC(=O)C1=CC=CC=C1C(=O)OCCCCCCCC,0.385262401,120
7123,CC1=CC=C(C=C1)C,CCCCCCOC(=O)C1=CC=CC=C1C(=O)OCCCCCC,-0.162518929,120
17727,CCC(C)CC(C)(C)C,CCCCOC(=O)C1=C(C(=C(C(=C1Cl)Cl)Cl)Cl)C(=O)OCCCC,0.565313809,120
15567,C1=CC=C(C=C1)[N+](=O)[O-],C(CCCCC#N)CCCC#N,-0.287682072,120
14203,C1=CC=CC=C1,C1=CC=C2C(=C1)C=CC3=CC=CC=C32,0.343589704,120
17220,CC1CCCCC1,CC(C)OC(=O)C1=CC=CC=C1C(=O)OC(C)C,0.615185639,120
9455,CC(=O)C,C1=CC=C(C=C1)CC#N,0.277631737,120
13596,C1=CC=C(C=C1)Cl,C(CCCCC#N)CCCC#N,-0.301105093,120
15569,CCCCN,C1=CC=C(C=C1)CC#N,0.470003629,120
15994,CCCCCCCCC,CCCCOC(=O)C1=CC=CC=C1C(=O)OCCCC,1.011600912,120
15170,CC1CCCCC1,CC(C)COC(=O)C1=CC=CC=C1C(=O)OCC(C)C,0.451075619,120
5580,C1CCCCC1,CCCCOC(=O)C1=C(C(=C(C(=C1Cl)Cl)Cl)Cl)C(=O)OCCCC,-0.010050336,120
9390,CC(C)O,C1=CC=C(C=C1)CC#N,0.802001585,120
18469,CC1=CC=CC=C1O,CCCCCCCCC,1.521698998,120
15169,CC1CCCCC1,CCCCOC(=O)COC(=O)C1=CC=CC=C1C(=O)OCCCC,0.625938431,120
15702,CCCC(C)(C)C(C)C,C=CCOC(=O)C1=CC=CC=C1C(=O)OCC=C,1.280933845,120
19395,CCCCCO,CC1=CC=CC2=CC=CC=C12,0.989541194,120
15683,CC1=CC=CC=C1,C(COCCOCCOCCO)O,1.214111236,120
11728,CCC1=CC=CC=C1,C(COCCOCCO)O,2.043917986,120
19270,C[C@@H]1CCCC[C@@H]1C,CCCCCCCCOC(=O)C1=CC=CC=C1C(=O)OCCCCCCCC,0.019802627,120
9046,CCCCCCCC,CC(C)OC(=O)C1=CC=CC=C1C(=O)OC(C)C,1.078409581,120
7274,CO,CCCCCCCC(=O)OCC,0.774727168,120
10121,CCC1=CC=CC=C1,C1=CC=C2C(=C1)C=CC3=CC=CC=C32,0.438254931,120
13283,CCC1CCCCC1,CCCCCCOC(=O)C1=CC=CC=C1C(=O)OCCCCCC,0.343589704,120
11703,CCCCCCC,C(COCCOCCO)O,3.704959475,120
5750,CC1=CC=CC=C1,C1=CC=C2C(=C1)C=CC3=CC=CC=C32,0.357674444,120
6763,CN(C)C=O,C(COC(C(C(O)OCCC#N)(C(O)OCCC#N)C(O)OCCC#N)O)C#N,-1.049822124,120
11532,CC(=O)OC=C,CCCCCCCCCCCCCCCCCCCCCCCCCCCC,0.31481074,120
17357,CCCCO,CCCCCCCCCCCCCCCCCCCCCCCCCCCC,0.954741918,120
15002,CCC1CCCCC1,C1=CC=C(C=C1)OC(=O)C2=CC=CC=C2C(=O)OC3=CC=CC=C3,1.30833282,120
7089,CC1=CC=CC=C1,CCCOC(=O)C1=CC=CC=C1C(=O)OCCC,-0.105360516,120
17511,C1CCC=CC1,CCCCCCOC(=O)C1=CC=CC=C1C(=O)OCCCCCC,-0.020202707,120
5424,CCCCCCCC,CCCCCCCCCOC(=O)C1=CC=CC=C1C(=O)OCCCCCCCCC,0.262364264,120
15991,CC1CCCCC1,CCCCOC(=O)C1=C(C(=C(C(=C1Cl)Cl)Cl)Cl)C(=O)OCCCC,0.086177696,120
7242,C1=CC=CC=C1,C=CCOC(=O)C1=CC=CC=C1C(=O)OCC=C,-0.139262067,120
15705,CC1CCCCC1,CCCOC(=O)C1=CC=CC=C1C(=O)OCCC,0.58221562,120
2466,C1=CC=CC=C1,CCCCCCOC(=O)C1=CC=CC=C1C(=O)OCCCCCC,-0.46203546,120
19140,CCCCCCCC,CC1=CC=CC2=CC=CC=C12,0.760805829,120
3409,CCC(=O)OCC,CCCCCCCCCCCCCCCC,0.254642218,120
13803,C1CCC(CC1)O,C(CCCCC#N)CCCC#N,0.029558802,120
4872,CCCCCCCC,CCCCCCCCCCOC(=O)C1=CC=CC=C1C(=O)OCCCCCCCCCC,0.207014169,120
12155,CC1CCCCC1,CCCCCCCCCOC(=O)C1=CC=CC=C1C(=O)OCCCCCCCCC,-0.094310679,120
9592,CCCCCCCCC,CCCCCCCCCCOC(=O)C1=CC=CC=C1C(=O)OCCCCCCCCCC,0.262364264,120
8805,C(CCl)Cl,C(COC(C(C(O)OCCC#N)(C(O)OCCC#N)C(O)OCCC#N)O)C#N,0.841567186,120
581,C1=CC=CC=C1,CC(C)COC(=O)C1=CC=CC=C1C(=O)OCC(C)C,-0.248461359,120
1476,CC1=CC=CC=C1,C(COCCOCCO)O,1.706927534,120
808,CCCCCC,CCCCCCOC(=O)CCCCCCC(=O)OCCCCCC,0.104360015,120
9219,CCC1CCCCC1,CCCCCCOC(=O)C1=CC(=CC=C1)C(=O)OCCCCCC,0.173953307,120
7376,CCOC(=O)C,C1=CC=C(C=C1)CC#N,0.39877612,120
17221,C1CCCCC1,CCC(C)OC(=O)C1=CC=CC=C1C(=O)OC(C)CC,0.350656872,120
15318,C[C@@H]1CCCC[C@@H]1C,CCCCCCOC(=O)C1=CC(=CC=C1)C(=O)OCCCCCC,0.113328685,120
11482,CC1CCCCC1,CCCCCCCCCCOC(=O)C1=CC=CC=C1C(=O)OCCCCCCCCCC,-0.198450939,120
5071,C1CCCCC1,C1=CC=C(C=C1)CC#N,1.115141591,120
2641,CCC(C)CC(C)(C)C,C1CCC(CC1)OC(=O)C2=CC=CC=C2C(=O)OC3CCCCC3,1.156881197,120
12153,C[C@@H]1CCCC[C@@H]1C,CCCCCCCCCOC(=O)C1=CC=CC=C1C(=O)OCCCCCCCCC,-0.010050336,120
15993,CCCC(C)(C)C(C)C,CCCCOC(=O)C1=CC=CC=C1C(=O)OCCCC,0.891998039,120
17932,CCCO,CCCCCCCCCCCCCCCCCCCCCCCCCCCC,1.084513364,120
9363,CCC1=CC=CC=C1,CCCCCCCCOC(=O)C1=CC=CC=C1C(=O)OCCCCCCCC,-0.314710745,120
2201,C1=CC=CC=C1,C(COC(C(C(O)OCCC#N)(C(O)OCCC#N)C(O)OCCC#N)O)C#N,0.0,120
16795,CC1=CC=CC=C1,C1CCC(CC1)N,0.058268908,120
11129,CCCCCCC,CCC(C)OC(=O)C1=CC=CC=C1C(=O)OC(C)CC,0.797507196,120
13775,CCC(=O)CC,CCCCCCCCCCCCCCCCCCCCCCCCCCCC,0.236651901,120
13012,CCC(C)CC(C)(C)C,C1=CC=C(C=C1)OC(=O)C2=CC=CC=C2C(=O)OC3=CC=CC=C3,1.948763218,120
17512,C1CCCCC1,CCCOC(=O)C1=CC=CC=C1C(=O)OCCC,0.488580015,120
530,CCCCCCC,CCCCOC(=O)C1=C(C(=C(C(=C1Cl)Cl)Cl)Cl)C(=O)OCCCC,0.488580015,120
13183,C1CCC=CC1,CC(C)COC(=O)C1=CC=CC=C1C(=O)OCC(C)C,0.198850859,120
18900,CC1CCCCC1,CCCCCCOC(=O)CCCCC(=O)OCCCCCC,-0.010050336,120
5190,C1CCC=CC1,CCCCCCOC(=O)CCCCCCC(=O)OCCCCCC,-0.328504067,120
11551,C(Cl)(Cl)Cl,C(CCCCC#N)CCCC#N,-0.510825624,120
17732,C[C@@H]1CCCC[C@@H]1C,CCCCCCOC(=O)CCCCCCC(=O)OCCCCCC,-0.061875404,120
11299,CCCCCCCCC,CCCCCCOC(=O)CCCCC(=O)OCCCCCC,0.405465108,120
9220,CCC(C)CC(C)(C)C,C1=CC=C(C=C1)COC(=O)C2=CC=CC=C2C(=O)OCC3=CC=CC=C3,1.720979287,120
5115,CCCCCC,CC1(C2CCC1(C(C2)OC(=O)C3=CC=CC=C3C(=O)OC4CC5CCC4(C5(C)C)C)C)C,1.057790294,120
14324,C1=COC(=C1)C=O,CCCCCCCCCCCCCCCCCCCCCCCCCCCC,1.287302412,120
11354,CCC1CCCCC1,CCC(C)OC(=O)C1=CC=CC=C1C(=O)OC(C)CC,0.631271777,120
3033,CC1=CC=CC=C1,CCC(C)OC(=O)C1=CC=CC=C1C(=O)OC(C)CC,-0.116533816,120
2551,CCCC(C)(C)C(C)C,CCCCCCOC(=O)C1=CC(=CC=C1)C(=O)OCCCCCC,0.357674444,120
1261,CCCC(=O)OC,CCCCCCCCCCCCCCCCCCO,0.139761942,120
13497,CCCCCCCC,CCCCCCCCOC(=O)C1=CC=CC=C1C(=O)OCCCCCCCC,0.343589704,120
15749,C1=CC=NC=C1,C(COC(C(C(O)OCCC#N)(C(O)OCCC#N)C(O)OCCC#N)O)C#N,-0.400477567,120
10831,CCCCCCCCCC,C(COC(C(C(O)OCCC#N)(C(O)OCCC#N)C(O)OCCC#N)O)C#N,1.819698838,120
18805,CCCCCCC,C1=CC=C(C=C1)OC(=O)C2=CC=CC=C2C(=O)OC3=CC=CC=C3,1.58514522,120
807,C1CCC=CC1,CC1(C2CCC1(C(C2)OC(=O)C3=CC=CC=C3C(=O)OC4CC5CCC4(C5(C)C)C)C)C,0.285178942,120
16964,CCC1CCCCC1,CC1(C2CCC1(C(C2)OC(=O)C3=CC=CC=C3C(=O)OC4CC5CCC4(C5(C)C)C)C)C,0.559615788,120
11694,CC1CCCCC1,C=CCOC(=O)C1=CC=CC=C1C(=O)OCC=C,0.924258902,120
13374,CC1CCCCC1,CCC(C)OC(=O)C1=CC=CC=C1C(=O)OC(C)CC,0.438254931,120
14101,CC1=CC=C(C=C1)C,CCCCOC(=O)C1=CC=CC=C1C(=O)OCCCC,0.039220713,120
8894,CCCC(C)(C)C(C)C,C1=CC=C(C=C1)OC(=O)C2=CC=CC=C2C(=O)OC3=CC=CC=C3,1.771556762,120
17730,CCCCCCCCC,CCCCOC(=O)C1=C(C(=C(C(=C1Cl)Cl)Cl)Cl)C(=O)OCCCC,0.641853886,120
7320,C1CCC(CC1)N,CCC1=CC=CC=C1,0.058268908,120
3103,CCC1CCCCC1,C1CCC(CC1)OC(=O)C2=CC=CC=C2C(=O)OC3CCCCC3,0.647103242,120
7249,CCC1=CC=CC=C1,CCCCCCOC(=O)C1=CC=CC=C1C(=O)OCCCCCC,-0.162518929,120
7090,CCCCCC,CCCCCCCCCCOC(=O)C1=CC=CC=C1C(=O)OCCCCCCCCCC,0.076961041,120
568,CC1=CC=C(C=C1)C,CCCCCCCCOC(=O)C1=CC=CC=C1C(=O)OCCCCCCCC,-0.328504067,120
15718,CCCCOC(=O)C,CCCCCCCCCCCCCCCCCCCCCCCCCCCC,0.179818427,120
19264,CCCCCCCCC,CCCCCCOC(=O)C1=CC=CC=C1C(=O)OCCCCCC,0.683096845,120
3390,CO,CCCCCCCCCCCCCCCC,1.854734268,120
15003,C1CCCCC1,CC1(C2CCC1(C(C2)OC(=O)C3=CC=CC=C3C(=O)OC4CC5CCC4(C5(C)C)C)C)C,0.615185639,120
596,CC1=CC=CC=C1C,CCCOC(=O)C1=CC=CC=C1C(=O)OCCC,0.029558802,120
7916,C1CCC=CC1,C1CCC(CC1)OC(=O)C2=CC=CC=C2C(=O)OC3CCCCC3,0.148420005,120
2200,CCC(=O)C,C(CCCCC#N)CCCC#N,0.378436436,120
19136,C1CCC=CC1,CCCOC(=O)C1=CC=CC=C1C(=O)OCCC,0.31481074,120
17360,CCCCCO,CCCCCCCCCCCCCCCCCCCCCCCCCCCC,0.931376369,120
11383,CCCCCCC,CC(C)OC(=O)C1=CC=CC=C1C(=O)OC(C)C,0.978326123,120
13761,CCC1CCCCC1,CCCOC(=O)C1=CC=CC=C1C(=O)OCCC,0.774727168,120
18430,CO,C(CCCCC#N)CCCC#N,0.207014169,120
16010,C1CCCCC1,CCCCCCOC(=O)CCCCCCC(=O)OCCCCCC,-0.248461359,120
11797,C(CCl)Cl,C(CCCCC#N)CCCC#N,0.824175443,120
11130,C1CCC=CC1,CCCCOC(=O)COC(=O)C1=CC=CC=C1C(=O)OCCCC,0.198850859,120
11298,CCCCCCCCC,C1=CC=C(C=C1)COC(=O)C2=CC=CC=C2C(=O)OCC3=CC=CC=C3,1.740466175,120
14799,COC1=CC=CC=C1,C(COC(C(C(O)OCCC#N)(C(O)OCCC#N)C(O)OCCC#N)O)C#N,-0.083381609,120
19134,CCCCCC,CCCCCCOC(=O)C1=CC=CC=C1C(=O)OCCCCCC,0.488580015,120
12875,CCC[N+](=O)[O-],C(COC(C(C(O)OCCC#N)(C(O)OCCC#N)C(O)OCCC#N)O)C#N,-0.301105093,120
20089,C(CCl)Cl,C1=CC=C(C=C1)CC#N,1.574846468,120
19135,CCCCCCCCC,C=CCOC(=O)C1=CC=CC=C1C(=O)OCC=C,1.58514522,120
15317,CC1CCCCC1,C1=CC=C(C=C1)COC(=O)C2=CC=CC=C2C(=O)OCC3=CC=CC=C3,0.959350221,120
16965,CCCCCC,CC(C)COC(=O)C1=CC=CC=C1C(=O)OCC(C)C,0.703097511,120
13564,C(Cl)(Cl)(Cl)Cl,CCCCCCCCCCCCCCCCCCCCCCCCCCCC,-0.551647618,120
10832,CC1=CC=CC=C1,C(COC(C(C(O)OCCC#N)(C(O)OCCC#N)C(O)OCCC#N)O)C#N,0.392042088,120
8893,CC1CCCCC1,CC1(C2CCC1(C(C2)OC(=O)C3=CC=CC=C3C(=O)OC4CC5CCC4(C5(C)C)C)C)C,0.625938431,120
2414,CCC1=CC=CC=C1,C(COCCOCCOCCO)O,1.521109305,120
11407,CCCCO,CCCCCCCC(=O)OCC,0.21511138,120
9842,CCCC=O,CCCCCCCCCCCCCCCCCCCCCCCCCCCC,0.299363577,120
15473,CC1=CC(=CC=C1)O,CCCCCCCCCCC,1.832581464,120
13373,C1CCC=CC1,CCCCCCOC(=O)C1=CC(=CC=C1)C(=O)OCCCCCC,-0.198450939,120
5407,CCCCN,C(COC(C(C(O)OCCC#N)(C(O)OCCC#N)C(O)OCCC#N)O)C#N,0.0,120
2749,CC1=CC=CC=C1,CC(C)COC(=O)C1=CC=CC=C1C(=O)OCC(C)C,-0.094310679,120
104,C1=CC=CC=C1,CC1=CC=CC2=CC=CC=C12,0.122217633,120
19508,C1=CC=C(C=C1)Cl,CCCCCCCCCCCCCCCCCCCCCCCCCCCC,-0.342490309,120
2553,CCC1CCCCC1,CCCCCCCCCCOC(=O)C1=CC=CC=C1C(=O)OCCCCCCCCCC,-0.040821995,120
4676,CCCCCCC,CCCCCCCCCCCCCCCC,-0.127833372,120
11030,CCO,C(C(CO)O)O,1.178654996,120
1269,CCC(=O)OC,CCCCCCCCCCCCCCCCCCO,0.262364264,120
13377,C1CCCCC1,CC(C)OC(=O)C1=CC=CC=C1C(=O)OC(C)C,0.488580015,120
17494,CCCCCCCCCC,C(COCCOCCOCCO)O,3.937850583,120
4999,CC1=CC(=CC=C1)C,CCCOC(=O)C1=CC=CC=C1C(=O)OCCC,0.086177696,120
16223,CO,CCCCCCCCCCCCCCCCCCCCCCCCCCCC,1.216987741,120
19272,CCCCCCCC,CCCCOC(=O)COC(=O)C1=CC=CC=C1C(=O)OCCCC,1.08180517,120
2702,C1CCCCC1,CCCCOC(=O)COC(=O)C1=CC=CC=C1C(=O)OCCCC,0.451075619,120
16696,CCCCCCN,C1=CC=C(C=C1)CC#N,0.841567186,120
13451,CCC(C)CC(C)(C)C,CCC(C)OC(=O)C1=CC=CC=C1C(=O)OC(C)CC,0.97455964,120
12154,CCC(C)CC(C)(C)C,CCCCCCCCCOC(=O)C1=CC=CC=C1C(=O)OCCCCCCCCC,0.329303747,120
588,CCC1=CC=CC=C1,CC(C)COC(=O)C1=CC=CC=C1C(=O)OCC(C)C,0.039220713,120
15568,CC(=O)N(C)C,C(CCCCC#N)CCCC#N,-0.967584026,120
4921,C1CCCCC1,CCCCCCOC(=O)CCCCC(=O)OCCCCCC,-0.15082289,120
17936,C1=CSC=C1,CCCCCCCCCCCCCCCCCCCCCCCCCCCC,-0.427710717,120
13597,CC1=CC=CC=C1,C1=CC=C(C=C1)CC#N,0.548121409,120
9129,C[C@@H]1CCCC[C@@H]1C,CCC(C)OC(=O)C1=CC=CC=C1C(=O)OC(C)CC,0.570979547,120
15858,CCCCCCC,CCCCCCOC(=O)C1=CC=CC=C1C(=O)OCCCCCC,0.500775288,120
20092,CC(=O)O,C1=CC=C(C=C1)CC#N,0.615185639,120
7245,C1=CC=CC=C1,CCCOC(=O)C1=CC=CC=C1C(=O)OCCC,-0.261364764,120
15364,CCC1CCCCC1,CC(C)OC(=O)C1=CC=CC=C1C(=O)OC(C)C,0.75612198,120
19387,CCCCCO,C1=CC=C2C(=C1)C=CC3=CC=CC=C32,1.057790294,120
15652,CCCCCCCCC,CCCCCCCCOC(=O)C1=CC=CC=C1C(=O)OCCCCCCCC,0.418710335,120
12156,C1CCC=CC1,CCCCCCCCCOC(=O)C1=CC=CC=C1C(=O)OCCCCCCCCC,-0.342490309,120
2757,CCCCCC,C1=CC=C(C=C1)OC(=O)C2=CC=CC=C2C(=O)OC3=CC=CC=C3,1.490654376,120
17385,CCC[N+](=O)[O-],C1=CC=C(C=C1)CC#N,0.512823626,120
2639,C1=CC=CC=C1,CCCCCCCCOC(=O)C1=CC=CC=C1C(=O)OCCCCCCCC,-0.562118918,120
9281,CCCCCC,CC(C)OC(=O)C1=CC=CC=C1C(=O)OC(C)C,0.887891257,120
9663,CC(=O)O,C(CCCCC#N)CCCC#N,-0.274436846,120
20096,CCCCCCCCCC,C(CCCCC#N)CCCC#N,0.90825856,120
9661,CCOC(=O)C,C(CCCCC#N)CCCC#N,0.019802627,120
9184,CCCCCCCC,CCCCCCOC(=O)C1=CC=CC=C1C(=O)OCCCCCC,0.598836501,120
2833,C1CCCCC1,C(CCCCC#N)CCCC#N,0.858661619,120
2552,CCCCCCC,C1=CC=C(C=C1)COC(=O)C2=CC=CC=C2C(=O)OCC3=CC=CC=C3,1.467874348,120
16691,CCC(=O)O,C(CCCCC#N)CCCC#N,-0.328504067,120
11796,CO,C(COC(C(C(O)OCCC#N)(C(O)OCCC#N)C(O)OCCC#N)O)C#N,-0.198450939,120
12898,CC(=C)C,CO,1.791759469,120
799,C1CCCCC1,CCCCCCOC(=O)C1=CC(=CC=C1)C(=O)OCCCCCC,-0.083381609,120
15535,CCC(=O)OCC,CCCCCCCCCCCCCCCCCCCCCCCCCCCC,0.14496577,120
8806,CC(=O)C,C(COC(C(C(O)OCCC#N)(C(O)OCCC#N)C(O)OCCC#N)O)C#N,-0.400477567,120
13735,C1=CC=CC=C1,C(COCCOCCOCCO)O,0.864492047,120
9912,C1=CC=C(C=C1)Cl,C(COC(C(C(O)OCCC#N)(C(O)OCCC#N)C(O)OCCC#N)O)C#N,0.157003749,120
17929,CCCCCCCCO,CCCCCCCCCCCCCCCCCCCCCCCCCCCC,0.889535995,120
14327,CCCCCCO,CCCCCCCCCCCCCCCCCCCCCCCCCCCC,0.912684236,120
19263,C[C@@H]1CCCC[C@@H]1C,CC(C)OC(=O)C1=CC=CC=C1C(=O)OC(C)C,0.693147181,120
16690,CCN(CC)CC,C(COC(C(C(O)OCCC#N)(C(O)OCCC#N)C(O)OCCC#N)O)C#N,1.401182974,120
13184,CCCC(C)(C)C(C)C,CCCCOC(=O)COC(=O)C1=CC=CC=C1C(=O)OCCCC,1.184789985,120
15439,CCCC(C)(C)C(C)C,CCC(C)OC(=O)C1=CC=CC=C1C(=O)OC(C)CC,0.904218151,120
7661,C1CCC=CC1,CCCCCCCCCCOC(=O)C1=CC=CC=C1C(=O)OCCCCCCCCCC,-0.371063681,120
7155,CCCCCC,C1=CC=C(C=C1)COC(=O)C2=CC=CC=C2C(=O)OCC3=CC=CC=C3,1.278152203,120
7746,C1CCOC1,C(CCCCC#N)CCCC#N,-0.198450939,120
17347,CCC1CCCCC1,CCCCOC(=O)C1=C(C(=C(C(=C1Cl)Cl)Cl)Cl)C(=O)OCCCC,0.231111721,120
5152,CCCCCCC,CCCCOC(=O)COC(=O)C1=CC=CC=C1C(=O)OCCCC,1.064710737,120
17630,CCC(C)CC(C)(C)C,CCCCCCOC(=O)C1=CC=CC=C1C(=O)OCCCCCC,0.647103242,120
4920,C1CCCCC1,C1=CC=C(C=C1)COC(=O)C2=CC=CC=C2C(=O)OCC3=CC=CC=C3,0.770108222,120
15986,CCCCCCCC,CCCCOC(=O)C1=CC=CC=C1C(=O)OCCCC,0.920282753,120
11300,CCCCCCCCC,CC(C)OC(=O)C1=CC=CC=C1C(=O)OC(C)C,1.172482137,120
6873,C1=CC=CC=C1,CCC(C)OC(=O)C1=CC=CC=C1C(=O)OC(C)CC,-0.301105093,120
20153,C1CCC(CC1)N,C1=CC=C(C=C1)N,-0.061875404,120
780,C1=CC=CC=C1,CCCCCCCCCCCCCCCC,-0.224394333,120
9662,CCCCCCCCCCCC,C(CCCCC#N)CCCC#N,0.542324291,120
3563,CC1=CC=C(C=C1)C,C1=CC=C2C(=C1)C=CC3=CC=CC=C32,0.418710335,120
5408,CCCCCCN,C(CCCCC#N)CCCC#N,0.254642218,120
13569,CC(C)CC(=O)C,CCCCCCCCCCCCCCCCCCCCCCCCCCCC,0.283674051,120
16963,CC1CCCCC1,C1=CC=C(C=C1)OC(=O)C2=CC=CC=C2C(=O)OC3=CC=CC=C3,1.101940079,120
19520,CCCCC=O,CCCCCCCCCCCCCCCCCCCCCCCCCCCC,0.231905057,120
5233,COC1=CC=CC=C1,C(CCCCC#N)CCCC#N,-0.342490309,120
